DATA,MERCATO,ITEM,KG,NUMERO VOLONTARI
,,,,
03/01/2026,PAPINIANO,AVOCADO,3,
03/01/2026,PAPINIANO,CARCIOFI,4,
03/01/2026,PAPINIANO,MANDARINI,8,
03/01/2026,PAPINIANO,MELANZANA,8,
03/01/2026,PAPINIANO,BANANA,50,
03/01/2026,PAPINIANO,CIMA DI RAPA,6,
03/01/2026,PAPINIANO,ZUCCHINE,15,
03/01/2026,PAPINIANO,OCRA,10,
03/01/2026,PAPINIANO,UVA,1,
03/01/2026,PAPINIANO,CACHI,3,
03/01/2026,PAPINIANO,FRAGOLE,2,
03/01/2026,BENEDETTO MARCELLO,ARANCE,"6,8",
03/01/2026,BENEDETTO MARCELLO,ARANCE,"84,2",
03/01/2026,BENEDETTO MARCELLO,LICHY,"15,7",
03/01/2026,BENEDETTO MARCELLO,CIPOLOTTI,"5,5",
03/01/2026,BENEDETTO MARCELLO,POMODORI,"33,7",
03/01/2026,BENEDETTO MARCELLO,ZUCCHINE,"10,4",
03/01/2026,BENEDETTO MARCELLO,INSALATA,"1,2",
03/01/2026,BENEDETTO MARCELLO,CIME,"9,7",
03/01/2026,BENEDETTO MARCELLO,MANGO,"3,5",
03/01/2026,BENEDETTO MARCELLO,MANDARINI,"17,2",
03/01/2026,BENEDETTO MARCELLO,MELANZANE,"4,4",
03/01/2026,BENEDETTO MARCELLO,CIMA,"8,9",
03/01/2026,BENEDETTO MARCELLO,CAROTE,"14,1",
03/01/2026,BENEDETTO MARCELLO,AVOCADO,"8,4",
03/01/2026,BENEDETTO MARCELLO,PLATANO,4,
03/01/2026,BENEDETTO MARCELLO,CARCIOFI,23,
03/01/2026,BENEDETTO MARCELLO,ZENZERO,"8,7",
03/01/2026,BENEDETTO MARCELLO,BARBABIETOLE,"5,7",
03/01/2026,BENEDETTO MARCELLO,ZUCCHE,"2,2",
03/01/2026,BENEDETTO MARCELLO,BANANE,"34,1",
03/01/2026,BENEDETTO MARCELLO,PEPERONI,"1,9",
03/01/2026,BENEDETTO MARCELLO,PATATE,"4,5",
03/01/2026,BENEDETTO MARCELLO,CACHI,"8,9",
03/01/2026,BENEDETTO MARCELLO,MELONI,"25,6",
03/01/2026,BENEDETTO MARCELLO,PERE,"7,8",
03/01/2026,BENEDETTO MARCELLO,CAVOLFIORI,"4,6",
09/01/2026,GRAMSCI - SAN DONATO,PANE,"2,6",
09/01/2026,GRAMSCI - SAN DONATO,MELANZANE,2,
09/01/2026,GRAMSCI - SAN DONATO,ZUCCHINE,"0,9",
09/01/2026,GRAMSCI - SAN DONATO,BANANE,"4,8",
09/01/2026,GRAMSCI - SAN DONATO,RAPE,2,
09/01/2026,GRAMSCI - SAN DONATO,PUNTARELLE,1,
09/01/2026,GRAMSCI - SAN DONATO,BISCOTTI,1,
09/01/2026,GRAMSCI - SAN DONATO,BROCCOLI,1,
10/01/2026,OGLIO,ZUCCHINE,"0,2",
10/01/2026,OGLIO,POMODORI,"0,4",
10/01/2026,OGLIO,PERE,"3,6",
10/01/2026,OGLIO,COSTE,"1,5",
10/01/2026,OGLIO,PEPERONI,"2,5",
10/01/2026,OGLIO,FINOCCHI,"3,4",
10/01/2026,OGLIO,CARDO,"1,6",
10/01/2026,VALVASSORI PERONI,AVOCADO,"3,3",
10/01/2026,VALVASSORI PERONI,BANANE,"3,9",
10/01/2026,VALVASSORI PERONI,LATTUGA,"4,8",
10/01/2026,VALVASSORI PERONI,POMODORI,"28,5",
10/01/2026,VALVASSORI PERONI,SEDANO,"3,9",
10/01/2026,VALVASSORI PERONI,CAVOLFIORE,"1,2",
10/01/2026,VALVASSORI PERONI,UVA,"6,5",
10/01/2026,VALVASSORI PERONI,PERE,"2,5",
10/01/2026,VALVASSORI PERONI,MELANZANE,3,
10/01/2026,VALVASSORI PERONI,PEPERONI,"1,4",
10/01/2026,OSOPPO,BANANE,88,
10/01/2026,OSOPPO,PERE,8,
10/01/2026,OSOPPO,POMODORI,"10,4",
10/01/2026,OSOPPO,MANGO,24,
10/01/2026,OSOPPO,AVOCADO,4,
10/01/2026,OSOPPO,CETRIOLI,6,
10/01/2026,OSOPPO,MELONI,"6,5",
10/01/2026,TABACCHI,PERE,7,
10/01/2026,TABACCHI,MELE,2,
10/01/2026,TABACCHI,SEDANO,2,
10/01/2026,TABACCHI,CARCIOFI,14,
10/01/2026,TABACCHI,DAIKON,5,
10/01/2026,TABACCHI,PATATE,7,
10/01/2026,TABACCHI,BROCCOLO ROMANO,10,
10/01/2026,TABACCHI,BANAE,"0,5",
10/01/2026,TABACCHI,CAVOLETTI DI BRUXELS,"1,7",
10/01/2026,TABACCHI,ANANAS,"1,3",
10/01/2026,TABACCHI,PUNTARELLE,"0,7",
10/01/2026,TABACCHI,ZUCCHINE,"1,5",
10/01/2026,TABACCHI,RADICCHIO,"0,7",
10/01/2026,TABACCHI,CIPOLLA,"1,5",
10/01/2026,TABACCHI,MELANZANE,11,
10/01/2026,TABACCHI,COSTE,4,
10/01/2026,TABACCHI,INSALATA,2,
10/01/2026,TABACCHI,CAVOLFIORE,28,
10/01/2026,TABACCHI,UVA,"5,8",
10/01/2026,TABACCHI,MANDARINI,10,
10/01/2026,TABACCHI,POMODORI,4,
10/01/2026,PAPINIANO,UVA,73,
10/01/2026,PAPINIANO,CAROTA,4,
10/01/2026,PAPINIANO,TACCOLE,4,
10/01/2026,PAPINIANO,FAGIOLINI,7,
10/01/2026,PAPINIANO,PEPERONI,"3,7",
10/01/2026,PAPINIANO,PERE,"74,3",
10/01/2026,PAPINIANO,RAVANELLI,"1,3",
10/01/2026,PAPINIANO,PUNTARELLE,1,
10/01/2026,PAPINIANO,CETRIOLI,"13,8",
10/01/2026,PAPINIANO,PAK CHOI,"3,2",
10/01/2026,PAPINIANO,ERBETTE,"1,2",
10/01/2026,PAPINIANO,MELONE GIALLO,"3,8",
10/01/2026,PAPINIANO,MELANZANE,"13,5",
10/01/2026,PAPINIANO,MELOGRANO,10,
10/01/2026,PAPINIANO,FRUTTO PASSIONE,"5,3",
10/01/2026,PAPINIANO,BANANE,48,
10/01/2026,PAPINIANO,ZUCCHINE,"5,5",
10/01/2026,BENEDETTO MARCELLO,UVA,6,
10/01/2026,BENEDETTO MARCELLO,SPINACI,1,
10/01/2026,BENEDETTO MARCELLO,POMODORI,"25,6",
10/01/2026,BENEDETTO MARCELLO,MELONI,"3,3",
10/01/2026,BENEDETTO MARCELLO,FAGIOLINI,"21,1",
10/01/2026,BENEDETTO MARCELLO,CLEMENTINE,"9,6",
10/01/2026,BENEDETTO MARCELLO,ZUCCHE,12,
10/01/2026,BENEDETTO MARCELLO,BANANE,"69,8",
10/01/2026,BENEDETTO MARCELLO,ZUCCHINE,"19,6",
10/01/2026,BENEDETTO MARCELLO,MELANZANE,"16,6",
10/01/2026,BENEDETTO MARCELLO,FAGILINI,"2,4",
10/01/2026,BENEDETTO MARCELLO,MISTO,"1,4",
10/01/2026,BENEDETTO MARCELLO,PERE,10,
10/01/2026,BENEDETTO MARCELLO,CAVOLFIORI,"22,4",
10/01/2026,BENEDETTO MARCELLO,INDIVIA,"1,4",
10/01/2026,BENEDETTO MARCELLO,ARANCE,"5,8",
10/01/2026,BENEDETTO MARCELLO,PIATTONI,"4,7",
10/01/2026,BENEDETTO MARCELLO,PATATE,"6,8",
10/01/2026,BENEDETTO MARCELLO,CAROTE,"1,1",
10/01/2026,BENEDETTO MARCELLO,BROCCOLI  SPINACI,"4,1",
10/01/2026,BENEDETTO MARCELLO,BROCCOLI,"6,1",
10/01/2026,BENEDETTO MARCELLO,PLATANI,"3,8",
10/01/2026,BENEDETTO MARCELLO,PEPERONI,"4,2",
10/01/2026,BENEDETTO MARCELLO,CAVOLI,"16,6",
10/01/2026,BENEDETTO MARCELLO,MANDARININ,"9,3",
10/01/2026,BENEDETTO MARCELLO,ERBETTE,"2,7",
10/01/2026,BENEDETTO MARCELLO,CIPOLLE,"2,3",
10/01/2026,BENEDETTO MARCELLO,MANDARINI,"24,9",
10/01/2026,BENEDETTO MARCELLO,CETRIOLI,"2,1",
10/01/2026,BENEDETTO MARCELLO,CAVOLO,"12,6",
10/01/2026,BENEDETTO MARCELLO,POMODORO,"20,8",
10/01/2026,BENEDETTO MARCELLO,PERE,"3,6",
10/01/2026,BENEDETTO MARCELLO,PUNTARELLE,"6,6",
09/01/2026,TERMOPILI,BANANE,"50,7",
09/01/2026,TERMOPILI,INDIA,"5,6",
09/01/2026,TERMOPILI,PRUGNE,1,
09/01/2026,TERMOPILI,PIZZETTE,"0,4",
09/01/2026,TERMOPILI,MELANZANE,"9,2",
09/01/2026,TERMOPILI,CARCIOFI,"5,5",
09/01/2026,TERMOPILI,PUNTARELLE,"1,4",
09/01/2026,TERMOPILI,LICIS,"1,2",
09/01/2026,TERMOPILI,AVOCADO,2,
09/01/2026,TERMOPILI,CAVOLFIORI,2,
14/01/2026,MARTINI,POMODORI,13,
14/01/2026,MARTINI,PERE,7,
14/01/2026,MARTINI,CAROTE,"2,6",
14/01/2026,MARTINI,MANDARINI,15,
16/01/2026,TERMOPILI,CAVOLFIORI,"4,3",
16/01/2026,TERMOPILI,PEPERONE,"0,4",
16/01/2026,TERMOPILI,FAGIOLINI,8,
16/01/2026,TERMOPILI,ZUCCHINE,"4,3",
16/01/2026,TERMOPILI,KIWI,"3,3",
16/01/2026,TERMOPILI,MELANZANE,"5,5",
16/01/2026,TERMOPILI,CETRIOLI,"3,3",
16/01/2026,TERMOPILI,BANANE,"1,3",
16/01/2026,TERMOPILI,ARANCE,"0,5",
16/01/2026,TERMOPILI,CATALOGNA,"1,9",
16/01/2026,TERMOPILI,MISTO,"4,2",
16/01/2026,TERMOPILI,INSALATA,"1,3",
17/01/2026,OGLIO,COSTE,"1,2",
17/01/2026,OGLIO,CIME DI RAPA,"3,6",
17/01/2026,OGLIO,MANDARINI,"5,9",
17/01/2026,OSOPPO,ANANAS,21,
17/01/2026,OSOPPO,PATATE,5,
17/01/2026,OSOPPO,CETRIOLI,10,
17/01/2026,OSOPPO,PATATE DOLCI,"3,5",
17/01/2026,OSOPPO,CAROTE,"4,5",
17/01/2026,OSOPPO,VERZA,20,
17/01/2026,OSOPPO,ZUCCHINE,"1,5",
17/01/2026,OSOPPO,MELANZANE,5,
17/01/2026,OSOPPO,CAVOLFIORE,57,
17/01/2026,OSOPPO,PEPERONI,26,
17/01/2026,OSOPPO,CICORIA,12,
17/01/2026,PAPINIANO,POMPELMI,9,
17/01/2026,PAPINIANO,PLATANI,18,
17/01/2026,PAPINIANO,CAROTE,5,
17/01/2026,PAPINIANO,FRIGGITELLI,"1,5",
17/01/2026,PAPINIANO,BROCCOLETTI,21,
17/01/2026,PAPINIANO,LIME,10,
17/01/2026,PAPINIANO,CETRIOLI,10,
17/01/2026,PAPINIANO,UVA BIANCA,20,
17/01/2026,PAPINIANO,UVA ROSSA,13,
17/01/2026,PAPINIANO,ICEBERG,1,
17/01/2026,PAPINIANO,PUNTARELLE,2,
17/01/2026,PAPINIANO,CAVOLFIORI,"7,8",
17/01/2026,PAPINIANO,MANDARINI,5,
17/01/2026,PAPINIANO,CACHI,11,
17/01/2026,PAPINIANO,PANE,"0,5",
17/01/2026,PAPINIANO,BANANE,5,
17/01/2026,PAPINIANO,MELONI,"5,5",
17/01/2026,PAPINIANO,KIWI,4,
17/01/2026,PAPINIANO,PANNA DA CUCINA,2,
17/01/2026,BENEDETTO MARCELLO,MELANZANE,"33,5",
17/01/2026,BENEDETTO MARCELLO,CETRIOLI,"11,4",
17/01/2026,BENEDETTO MARCELLO,MANDARINI,20,
17/01/2026,BENEDETTO MARCELLO,FAVE,4,
17/01/2026,BENEDETTO MARCELLO,KIWI,5,
17/01/2026,BENEDETTO MARCELLO,ZUCCHINE,"15,8",
17/01/2026,BENEDETTO MARCELLO,MANGO,"8,5",
17/01/2026,BENEDETTO MARCELLO,LIMONI,"1,2",
17/01/2026,BENEDETTO MARCELLO,POMODORINI,18,
17/01/2026,BENEDETTO MARCELLO,FAGIOLINI,"15,7",
17/01/2026,BENEDETTO MARCELLO,POMODORI,"27,4",
17/01/2026,BENEDETTO MARCELLO,CLEMENTINE,"29,8",
17/01/2026,BENEDETTO MARCELLO,PRUGNE,"1,6",
17/01/2026,BENEDETTO MARCELLO,CAVOLFIORI,"53,3",
17/01/2026,BENEDETTO MARCELLO,PATATE,"8,5",
17/01/2026,BENEDETTO MARCELLO,CAROTE,"8,8",
17/01/2026,BENEDETTO MARCELLO,MELONE,"1,7",
17/01/2026,BENEDETTO MARCELLO,CIPOLLE,"5,6",
17/01/2026,BENEDETTO MARCELLO,ARANCE,"12,8",
17/01/2026,BENEDETTO MARCELLO,UVA,"18,5",
17/01/2026,BENEDETTO MARCELLO,PEPERONI,"17,5",
17/01/2026,BENEDETTO MARCELLO,CACHI,"5,5",
17/01/2026,BENEDETTO MARCELLO,MELOGRANO,"9,2",
17/01/2026,BENEDETTO MARCELLO,BROCCOLI,"1,4",
17/01/2026,BENEDETTO MARCELLO,CIME DI RAPA,10,
17/01/2026,BENEDETTO MARCELLO,BANANE,"6,7",
17/01/2026,BENEDETTO MARCELLO,OKRA,5,
17/01/2026,BENEDETTO MARCELLO,ICEBERG,"1,5",
17/01/2026,BENEDETTO MARCELLO,PATATE DOLCI,"4,9",
17/01/2026,BENEDETTO MARCELLO,INSALATA,"5,4",
17/01/2026,BENEDETTO MARCELLO,PERE,"14,2",
13/01/2026,MOMPIANI,POMODORI,45,
13/01/2026,MOMPIANI,MELANZANE,10,
13/01/2026,MOMPIANI,ZUCCHINE,8,
13/01/2026,MOMPIANI,INSALATA,"3,5",
13/01/2026,MOMPIANI,LIME,"0,5",
13/01/2026,MOMPIANI,BANANE,15,
13/01/2026,MOMPIANI,KIWI,4,
13/01/2026,MOMPIANI,PERE,"2,1",
13/01/2026,MOMPIANI,BUDINO CONFEZIONE,"0,7",
13/01/2026,MOMPIANI,INSA,"3,4",
20/01/2026,MOMPIANI,MANDARINI,25,
20/01/2026,MOMPIANI,BROCCOLI,"3,5",
20/01/2026,MOMPIANI,MISTO VERDURE,"4,3",
20/01/2026,MOMPIANI,PATATE DOLCI,34,
20/01/2026,MOMPIANI,POMODORI,32,
21/01/2026,MARTINI,PRUGNE,"4,3",
21/01/2026,MARTINI,CACHI,20,
21/01/2026,MARTINI,CAVOLFIORI,26,
21/01/2026,MARTINI,PIATTONI,2,
21/01/2026,MARTINI,PEPERONI,4,
21/01/2026,MARTINI,MISTO,8,
21/01/2026,MARTINI,PATATE DOLCI,"6,5",
21/01/2026,MARTINI,SPINACI,"1,5",
21/01/2026,MARTINI,ZUCCA,4,
21/01/2026,MARTINI,POMODORI,6,
21/01/2026,MARTINI,MELANZANE,"4,5",
21/01/2026,MARTINI,BANANE,13,
21/01/2026,MARTINI,MELOGRANI,5,
21/01/2026,MARTINI,CLEMENTINE,2,
24/01/2026,VALVASSORI PERONI,CACO MELA,"6,8",
24/01/2026,VALVASSORI PERONI,PEPERONI,"1,5",
24/01/2026,VALVASSORI PERONI,PERE,"5,7",
24/01/2026,VALVASSORI PERONI,MANDARINI,"12,7",
24/01/2026,VALVASSORI PERONI,CARCIOFI,"6,9",
24/01/2026,VALVASSORI PERONI,MELE,"3,1",
24/01/2026,VALVASSORI PERONI,CAVOLI,6,
24/01/2026,VALVASSORI PERONI,BANANE,"31,3",
24/01/2026,VALVASSORI PERONI,STRACCIATELLA,6,
24/01/2026,VALVASSORI PERONI,PANE,9,
24/01/2026,VALVASSORI PERONI,ZUCCA,7,
24/01/2026,VALVASSORI PERONI,ARANCE,4,
24/01/2026,VALVASSORI PERONI,KIWI,"7,6",
24/01/2026,PAPINIANO,INSALATA,12,
24/01/2026,PAPINIANO,UVA,7,
24/01/2026,PAPINIANO,FAGIOLINI,5,
24/01/2026,PAPINIANO,OKRA,"2,5",
24/01/2026,PAPINIANO,CAVOLFIORE,35,
24/01/2026,PAPINIANO,CICORIA,"4,5",
24/01/2026,PAPINIANO,POMODORI,13,
24/01/2026,PAPINIANO,ANANAS,12,
24/01/2026,PAPINIANO,CIPOLLOTTI,"0,8",
24/01/2026,PAPINIANO,MANGO,"2,5",
24/01/2026,PAPINIANO,CARCIOFO,1,
24/01/2026,PAPINIANO,AVOCADO,12,
24/01/2026,PAPINIANO,RAVANELLI,"0,8",
24/01/2026,PAPINIANO,MANDARINI,12,
24/01/2026,PAPINIANO,FRUTTO SERPENTE,"5,2",
24/01/2026,PAPINIANO,PERE,"1,5",
24/01/2026,PAPINIANO,CACHI,"4,3",
24/01/2026,PAPINIANO,RAPE,"2,4",
24/01/2026,PAPINIANO,ZUCCA LUNGA,"9,3",
24/01/2026,PAPINIANO,PEPERONCINI,"4,7",
24/01/2026,PAPINIANO,BANANE,73,
24/01/2026,PAPINIANO,MELOGRANO,"7,5",
24/01/2026,OSOPPO,POMODORI,"3,3",
24/01/2026,OSOPPO,CAVOLO,"4,4",
24/01/2026,OSOPPO,MANDARINI,21,
24/01/2026,OSOPPO,POMODORINI,47,
24/01/2026,OSOPPO,BANANE,"14,9",
24/01/2026,OSOPPO,PEPERONI,4,
24/01/2026,OSOPPO,ERBETTE,4,
24/01/2026,OSOPPO,LIMONI,1,
24/01/2026,OSOPPO,UVA,"2,6",
24/01/2026,OSOPPO,CAVOLFIORE,40,
24/01/2026,OSOPPO,MELANZANE,2,
24/01/2026,OSOPPO,MISTO,10,
24/01/2026,OSOPPO,FRAGOLE,6,
24/01/2026,TABACCHI,MELE,5,
24/01/2026,TABACCHI,POMODORI,"16,7",
24/01/2026,TABACCHI,MANDARINI,"11,8",
24/01/2026,TABACCHI,FIORI DI ZUCCA,2,
24/01/2026,TABACCHI,PUNTARELLE,"1,8",
24/01/2026,TABACCHI,BROCCOLI,"1,1",
24/01/2026,TABACCHI,AROMI,"0,3",
24/01/2026,TABACCHI,PEPERONI,1,
24/01/2026,TABACCHI,MELANZANE,"6,7",
24/01/2026,TABACCHI,PATATE DOLCI,"3,1",
24/01/2026,TABACCHI,PERE,"0,6",
24/01/2026,TABACCHI,BANANE,"4,4",
24/01/2026,TABACCHI,UVA,2,
24/01/2026,TABACCHI,INSALATA,"0,5",
24/01/2026,BENEDETTO MARCELLO,INSALATA,"1,5",
24/01/2026,BENEDETTO MARCELLO,PAPAYA,"1,5",
24/01/2026,BENEDETTO MARCELLO,SEDANO RAPA,"0,5",
24/01/2026,BENEDETTO MARCELLO,SUGHI PRONTI,"7,5",
24/01/2026,BENEDETTO MARCELLO,CONDIRISO,2,
24/01/2026,BENEDETTO MARCELLO,VASETTI PASTA FROLLA,4,
24/01/2026,BENEDETTO MARCELLO,ROTOLI UVA,"5,6",
24/01/2026,BENEDETTO MARCELLO,POMODORI,"78,2",
24/01/2026,BENEDETTO MARCELLO,AVOCADO,"1,9",
24/01/2026,BENEDETTO MARCELLO,LIMONI,"5,5",
24/01/2026,BENEDETTO MARCELLO,PEPERONI,"15,3",
24/01/2026,BENEDETTO MARCELLO,BANANE,"90,8",
24/01/2026,BENEDETTO MARCELLO,CIPOLLE,"8,5",
24/01/2026,BENEDETTO MARCELLO,CAVOLO ROMANO,"22,1",
24/01/2026,BENEDETTO MARCELLO,SPINACI,"8,4",
24/01/2026,BENEDETTO MARCELLO,CIME DI RAPA,"2,6",
24/01/2026,BENEDETTO MARCELLO,MELONE,"7,6",
24/01/2026,BENEDETTO MARCELLO,CARCIOFI,"4,4",
24/01/2026,BENEDETTO MARCELLO,ARANCE,"2,5",
24/01/2026,BENEDETTO MARCELLO,OCRA,"4,5",
24/01/2026,BENEDETTO MARCELLO,MANGO,"2,5",
24/01/2026,BENEDETTO MARCELLO,CATALOGNA,6,
24/01/2026,BENEDETTO MARCELLO,MELANZANE,"2,5",
24/01/2026,BENEDETTO MARCELLO,MELE,"26,3",
24/01/2026,BENEDETTO MARCELLO,LAMPONI,"2,3",
24/01/2026,BENEDETTO MARCELLO,MANDARINI,"17,3",
24/01/2026,BENEDETTO MARCELLO,PATATE,"4,4",
24/01/2026,BENEDETTO MARCELLO,CETRIOLI,"4,5",
24/01/2026,BENEDETTO MARCELLO,PLATANI,"11,2",
24/01/2026,OGLIO,CIPOLLE BIANCHE,"3,8",
24/01/2026,OGLIO,BASILICO,"0,4",
27/01/2026,MOMPIANI,POMODORI,"5,1",
27/01/2026,MOMPIANI,DATTERINI,"0,5",
27/01/2026,MOMPIANI,MANDARINI,"4,08",
27/01/2026,MOMPIANI,PERE,"43,8",
27/01/2026,MOMPIANI,INSALATA,"16,5",
30/01/2026,CATONE,PANE,6,
30/01/2026,CATONE,CACHI,42,
30/01/2026,CATONE,CIME DI RAPA,5,
30/01/2026,CATONE,INSALATA GHIACCIO,6,
30/01/2026,CATONE,FRAGOLINE DI BOSCO,7,
30/01/2026,CATONE,BANANE,22,
31/01/2026,TABACCHI,CAROTE,"1,6",
31/01/2026,TABACCHI,PUNTARELLE,"0,6",
31/01/2026,TABACCHI,PEPERONI,"5,5",
31/01/2026,TABACCHI,ZUCCHINE,"0,7",
31/01/2026,TABACCHI,MELANZANE,"1,7",
31/01/2026,OSOPPO,POMODORI,50,
31/01/2026,OSOPPO,LITCHI,"3,7",
31/01/2026,OSOPPO,MANDARINI,40,
31/01/2026,OSOPPO,SPINACI,22,
31/01/2026,OSOPPO,MELE,6,
31/01/2026,OSOPPO,PERE,25,
31/01/2026,OSOPPO,BANANE,30,
31/01/2026,OSOPPO,INSALATA MISTA,9,
31/01/2026,OSOPPO,MELONI,75,
31/01/2026,OSOPPO,CAVOLO ROMANO,30,
31/01/2026,OSOPPO,CETRIOLI,14,
31/01/2026,PAPINIANO,PERE,31,
31/01/2026,PAPINIANO,CAVOLFIORI,39,
31/01/2026,PAPINIANO,CAROTE,"1,3",
31/01/2026,PAPINIANO,MANDARINI,19,
31/01/2026,PAPINIANO,PEPERONI,"53,8",
31/01/2026,PAPINIANO,PATATE,"10,5",
31/01/2026,PAPINIANO,CETRIOLINI,6,
31/01/2026,PAPINIANO,CETRIOLI,"5,8",
31/01/2026,PAPINIANO,CIME DI RAPA,30,
31/01/2026,PAPINIANO,FAGIOLINI,"1,3",
31/01/2026,PAPINIANO,ZUCCHINE,3,
31/01/2026,PAPINIANO,FINOCCHI,5,
31/01/2026,PAPINIANO,MELOGRANI,3,
31/01/2026,PAPINIANO,BANANE,62,
31/01/2026,PAPINIANO,CARAMBOLE,7,
31/01/2026,PAPINIANO,INSALATA,"0,5",
31/01/2026,PAPINIANO,RAVANELLI,"0,3",
31/01/2026,PAPINIANO,BROCCOLI,3,
31/01/2026,PAPINIANO,ANANAS,16,
31/01/2026,BENEDETTO MARCELLO,ZUCCA,"1,5",
31/01/2026,BENEDETTO MARCELLO,ARANCE,"11,7",
31/01/2026,BENEDETTO MARCELLO,PEPERONI,"3,9",
31/01/2026,BENEDETTO MARCELLO,POMODORI,"56,6",
31/01/2026,BENEDETTO MARCELLO,MANDARINI,"17,3",
31/01/2026,BENEDETTO MARCELLO,PERE,"76,5",
31/01/2026,BENEDETTO MARCELLO,KIWI,"2,5",
31/01/2026,BENEDETTO MARCELLO,MELAGRANA,"4,2",
31/01/2026,BENEDETTO MARCELLO,CAVOLFIORE,3,
31/01/2026,BENEDETTO MARCELLO,MELONI GIALLI,"3,6",
31/01/2026,BENEDETTO MARCELLO,PATATE DOLCI,"2,9",
31/01/2026,BENEDETTO MARCELLO,BANANE,"21,6",
31/01/2026,BENEDETTO MARCELLO,UVA,"10,1",
31/01/2026,BENEDETTO MARCELLO,POMODORINI GIALLI,"3,4",
31/01/2026,BENEDETTO MARCELLO,POMODORINI,"2,6",
31/01/2026,BENEDETTO MARCELLO,CIME,"1,8",
31/01/2026,BENEDETTO MARCELLO,ERBE,"1,8",
31/01/2026,BENEDETTO MARCELLO,CETRIOLI,"4,2",
31/01/2026,BENEDETTO MARCELLO,MELONE,1,
31/01/2026,BENEDETTO MARCELLO,SPINACI,"11,8",
31/01/2026,BENEDETTO MARCELLO,AVOCADO,"12,1",
31/01/2026,BENEDETTO MARCELLO,CIPOLLE,"2,9",
31/01/2026,BENEDETTO MARCELLO,CIPOLLETTI,"2,7",
31/01/2026,BENEDETTO MARCELLO,PUNTARELLE,"1,3",
31/01/2026,BENEDETTO MARCELLO,PLATANI,"5,7",
30/01/2026,TERMOPILI,PERE,"4,8",
30/01/2026,TERMOPILI,CAVOLFIORI,"9,5",
30/01/2026,TERMOPILI,MANDARINI,"39,6",
30/01/2026,TERMOPILI,PEPERONI,"5,1",
30/01/2026,TERMOPILI,MELE,"2,4",
30/01/2026,TERMOPILI,MISTO,"19,5",
30/01/2026,TERMOPILI,BANANE,"44,2",
30/01/2026,TERMOPILI,CIME DI RAPA,"23,3",
30/01/2026,TERMOPILI,MELOGRANI,"0,8",
30/01/2026,TERMOPILI,POMODORI,"11,8",
30/01/2026,TERMOPILI,CETRIOLI,"14,5",
30/01/2026,TERMOPILI,RUCOLA,"0,6",
30/01/2026,TERMOPILI,LIMONI,"1,2",
31/01/2026,VALVASSORI PERONI,AFFETTATI,1,
31/01/2026,VALVASSORI PERONI,MELANZANE,"6,9",
31/01/2026,VALVASSORI PERONI,CIPOLLOTTO,"2,3",
31/01/2026,VALVASSORI PERONI,SEDANO,"2,1",
31/01/2026,VALVASSORI PERONI,PERE,5,
31/01/2026,VALVASSORI PERONI,MANDARINI,"2,2",
31/01/2026,VALVASSORI PERONI,POMODORI,"4,6",
31/01/2026,VALVASSORI PERONI,CAVOLO,"2,1",
31/01/2026,VALVASSORI PERONI,PUNTARELLE,"0,5",
31/01/2026,VALVASSORI PERONI,BROCCOLO,"0,6",
31/01/2026,VALVASSORI PERONI,LATTUGA,"0,2",
31/01/2026,VALVASSORI PERONI,CAROTE,1,
31/01/2026,VALVASSORI PERONI,ZUCCA,"2,7",
03/02/2026,MOMPIANI,CACHI MELA,"25,6",
03/02/2026,MOMPIANI,POMODORI,6,
03/02/2026,MOMPIANI,MANDARINI,"8,8",
03/02/2026,MOMPIANI,BANANE,9,
06/02/2025,CATONE,PANE,7,
06/02/2025,CATONE,CAVOLFIORE,3,
06/02/2025,CATONE,BANANE,11,
06/02/2025,CATONE,PATATE,7,
07/02/2026,TABACCHI,SPINACI,5,
07/02/2026,TABACCHI,ZUCCHINE,4,
07/02/2026,TABACCHI,COSTE,4,
07/02/2026,TABACCHI,BANANE,3,
07/02/2026,TABACCHI,CARCIOFI,1,
07/02/2026,TABACCHI,SONCINO,2,
07/02/2026,TABACCHI,INSALATA,"0,5",
07/02/2026,TABACCHI,PEPERONE,"0,5",
07/02/2026,TABACCHI,GR AGRUMI,"9,6",
07/02/2026,TABACCHI,CACHI,13,
07/02/2026,TABACCHI,PATATA DOLCE,200,
07/02/2026,TABACCHI,MELANZANE,600,
07/02/2026,TABACCHI,CAVOLFIORE,"2,3",
07/02/2026,TABACCHI,FAGIOLINI,"1,2",
07/02/2026,TABACCHI,CIPOLLA,"0,5",
07/02/2026,TABACCHI,MELE,1,
07/02/2026,TABACCHI,ZUCCA,"3,7",
07/02/2026,VALVASSORI PERONI,POMODORI,"6,5",
07/02/2026,VALVASSORI PERONI,ERBETTE,"1,2",
07/02/2026,VALVASSORI PERONI,SEDANO,"2,4",
07/02/2026,VALVASSORI PERONI,MELA,"0,5",
07/02/2026,VALVASSORI PERONI,PERE,"5,1",
07/02/2026,VALVASSORI PERONI,PEPERONI,"5,2",
07/02/2026,VALVASSORI PERONI,ARANCIA,"11,6",
07/02/2026,VALVASSORI PERONI,CAVOLFIORE,"2,5",
07/02/2026,VALVASSORI PERONI,LATTUGA,"2,5",
07/02/2026,VALVASSORI PERONI,BROCCOLO,"0,4",
07/02/2026,VALVASSORI PERONI,CARCIOFI,"0,9",
07/02/2026,VALVASSORI PERONI,CEDRI,"1,5",
07/02/2026,VALVASSORI PERONI,LIMONE,"0,2",
07/02/2026,VALVASSORI PERONI,ZUCCHINE,"0,6",
07/02/2026,VALVASSORI PERONI,CETRIOLI,"4,7",
07/02/2026,VALVASSORI PERONI,BANANE,"7,5",
07/02/2026,VALVASSORI PERONI,CAVOLI ROMANI,"1,5",
07/02/2026,VALVASSORI PERONI,COSTE,"1,5",
07/02/2026,VALVASSORI PERONI,PRUGNE,"1,2",
07/02/2026,VALVASSORI PERONI,MANDARINI,"1,3",
07/02/2026,OSOPPO,MANDARINI,45,
07/02/2026,OSOPPO,CACHI,103,
07/02/2026,OSOPPO,PATATE,"1,7",
07/02/2026,OSOPPO,POMODORI,17,
07/02/2026,OSOPPO,PEPERONI,12,
07/02/2026,OSOPPO,PLATANI,7,
07/02/2026,OSOPPO,MELOGRANO,20,
07/02/2026,OSOPPO,CAVOLFIORE,2,
07/02/2026,OSOPPO,MELONE,36,
07/02/2026,OSOPPO,BANANE,10,
07/02/2026,BENEDETTO MARCELLO,ARANCIA,12,
07/02/2026,BENEDETTO MARCELLO,POMODORI,130,
07/02/2026,BENEDETTO MARCELLO,KIWI,4,
07/02/2026,BENEDETTO MARCELLO,SPIANCI,4,
07/02/2026,BENEDETTO MARCELLO,ZUCCHINE,4,
07/02/2026,BENEDETTO MARCELLO,PERE,"2,4",
07/02/2026,BENEDETTO MARCELLO,DAIKON,"4,6",
07/02/2026,BENEDETTO MARCELLO,PAPAYA,"4,6",
07/02/2026,BENEDETTO MARCELLO,BROCCOLI,2,
07/02/2026,BENEDETTO MARCELLO,UVA,2,
07/02/2026,BENEDETTO MARCELLO,MANGO,"6,5",
07/02/2026,BENEDETTO MARCELLO,MANDARINI,8,
07/02/2026,BENEDETTO MARCELLO,AVOCADO,11,
07/02/2026,BENEDETTO MARCELLO,BROCCOLO ROMANESCO,10,
07/02/2026,BENEDETTO MARCELLO,BANANE,35,
07/02/2026,BENEDETTO MARCELLO,CAROTE,1,
07/02/2026,BENEDETTO MARCELLO,MALVA,"2,7",
07/02/2026,BENEDETTO MARCELLO,LATTUGA,"1,7",
07/02/2026,BENEDETTO MARCELLO,CIPOLLE,"4,5",
07/02/2026,BENEDETTO MARCELLO,PEPERONCINO,"0,8",
07/02/2026,PAPINIANO,MANDARINI,"11,8",
07/02/2026,PAPINIANO,BANANE,50,
07/02/2026,PAPINIANO,PEPERONI,"0,9",
07/02/2026,PAPINIANO,ZUCCHINE SPUGNE,5,
07/02/2026,PAPINIANO,PLATANI,"5,9",
07/02/2026,PAPINIANO,COSTE,"0,8",
07/02/2026,PAPINIANO,SEDANO,"30,5",
07/02/2026,PAPINIANO,CIME,"15,7",
07/02/2026,PAPINIANO,BROCCOLI,"13,4",
07/02/2026,PAPINIANO,FAGIOLINI,20,
07/02/2026,PAPINIANO,PERE,"3,5",
07/02/2026,PAPINIANO,FRUTTO DEL DRAGO,"4,7",
07/02/2026,PAPINIANO,ZUCCHINI,"9,2",
07/02/2026,PAPINIANO,UVA,"8,3",
07/02/2026,PAPINIANO,AVOCADO,30,
07/02/2026,PAPINIANO,PAPAYA,"14,9",
07/02/2026,PAPINIANO,RAVANELLI,"1,2",
07/02/2026,PAPINIANO,PORRI,"3,3",
07/02/2026,PAPINIANO,LIMONI,"1,4",
07/02/2026,PAPINIANO,KAKI,"18,9",
07/02/2026,PAPINIANO,CAVOLFIORI,30,
07/02/2026,PAPINIANO,PATATE DOLCI,"6,5",
07/02/2026,PAPINIANO,CAROTE,3,
07/02/2026,PAPINIANO,POMODORI,"4,8",
07/02/2026,PAPINIANO,SUSINE,"0,7",
07/02/2026,PAPINIANO,CASTAGNE,"0,3",
07/02/2026,PAPINIANO,UOVA,"0,2",
07/02/2026,PAPINIANO,KIWI,"9,7",
06/02/2026,TERMOPILI,CETRIOLI,2,
06/02/2026,TERMOPILI,CACHI,26,
06/02/2026,TERMOPILI,CAROTE,"3,5",
06/02/2026,TERMOPILI,BANANE,"13,1",
06/02/2026,TERMOPILI,PEPERONI,"3,6",
06/02/2026,TERMOPILI,POMODORI,23,
06/02/2026,TERMOPILI,INSALATA,"2,5",
06/02/2026,TERMOPILI,CARCIOFI,7,
06/02/2026,TERMOPILI,MANDARINI,4,
06/02/2026,TERMOPILI,ANANAS,5,
06/02/2026,TERMOPILI,MISTO,1,
06/02/2026,TERMOPILI,CAVOLFIORI ROMANI,8,
06/02/2026,TERMOPILI,PERE,4,
10/02/2026,PADERNO DUGNANO,BRESAOLA,"0,3",
10/02/2026,PADERNO DUGNANO,ERBETTE,"4,7",
10/02/2026,PADERNO DUGNANO,ARANCINI,"0,8",
10/02/2026,PADERNO DUGNANO,UVA,"0,6",
10/02/2026,PADERNO DUGNANO,MELE,"1,14",
10/02/2026,PADERNO DUGNANO,PEPERONI,"2,4",
10/02/2026,PADERNO DUGNANO,BANANE,1,
10/02/2026,PADERNO DUGNANO,PERE,1,
10/02/2026,PADERNO DUGNANO,ARANCE,"3,5",
10/02/2026,PADERNO DUGNANO,BROCCOLI,"5,4",
10/02/2026,PADERNO DUGNANO,PANE,"3,8",
10/02/2026,PADERNO DUGNANO,CIME DI RAPA,"3,2",
10/02/2026,PADERNO DUGNANO,CLEMENTINE,2,
13/02/2026,CATONE,CIPOLLE,"0,4",
13/02/2026,CATONE,RAVANELLI,1,
13/02/2026,CATONE,CIPOLLOTTO,"0,6",
13/02/2026,CATONE,INSALATA,"0,5",
13/02/2026,CATONE,BANANE,2,
13/02/2026,CATONE,PERE,6,
13/02/2026,CATONE,CAVOLI,9,
13/02/2026,CATONE,MELANZANE,3,
13/02/2026,CATONE,PANE,6,
14/02/2026,VALVASSORI PERONI,POMODORI,"5,8",
14/02/2026,VALVASSORI PERONI,LATTUGA,"0,8",
14/02/2026,VALVASSORI PERONI,ARANCE,"1,8",
14/02/2026,VALVASSORI PERONI,AVOCADO,"0,5",
14/02/2026,VALVASSORI PERONI,ZUCCHINE,"0,2",
14/02/2026,VALVASSORI PERONI,PEPERONI,"3,1",
14/02/2026,VALVASSORI PERONI,CAVOLO,2,
14/02/2026,VALVASSORI PERONI,BROCCOLO,"0,4",
14/02/2026,VALVASSORI PERONI,FAGIOLINI,"5,4",
14/02/2026,VALVASSORI PERONI,SEDANO,6,
14/02/2026,VALVASSORI PERONI,ARANCIA,"2,2",
14/02/2026,VALVASSORI PERONI,CATALOGNA,"11,8",
14/02/2026,BENEDETTO MARCELLO,CAVOLFIORI,"15,9",
14/02/2026,BENEDETTO MARCELLO,ARANCE,"15,3",
14/02/2026,BENEDETTO MARCELLO,TOFU,175,
14/02/2026,BENEDETTO MARCELLO,CIPOLLE,"21,9",
14/02/2026,BENEDETTO MARCELLO,KIWI,17,
14/02/2026,BENEDETTO MARCELLO,POMODORI,"23,2",
14/02/2026,BENEDETTO MARCELLO,ZUCCHINE,"5,9",
14/02/2026,BENEDETTO MARCELLO,PRUGNE,"9,1",
14/02/2026,BENEDETTO MARCELLO,AVOCADO,"11,7",
14/02/2026,BENEDETTO MARCELLO,PATATE DOLCI,"10,1",
14/02/2026,BENEDETTO MARCELLO,CIME,"26,6",
14/02/2026,BENEDETTO MARCELLO,ANGURIE,"52,9",
14/02/2026,BENEDETTO MARCELLO,COSTE,"20,6",
14/02/2026,BENEDETTO MARCELLO,POMODORINI,"9,5",
14/02/2026,BENEDETTO MARCELLO,BANANE,"13,9",
14/02/2026,BENEDETTO MARCELLO,INSALATA,"5,4",
14/02/2026,BENEDETTO MARCELLO,CAROTE,"5,7",
14/02/2026,BENEDETTO MARCELLO,UVA,41,
14/02/2026,BENEDETTO MARCELLO,MELE,"13,7",
14/02/2026,BENEDETTO MARCELLO,PERE,"10,2",
14/02/2026,BENEDETTO MARCELLO,PEPERONI,"2,4",
14/02/2026,BENEDETTO MARCELLO,RAPE,"16,3",
14/02/2026,BENEDETTO MARCELLO,ANGURIA,8,
14/02/2026,BENEDETTO MARCELLO,AVOLFIERE,"3,1",
14/02/2026,BENEDETTO MARCELLO,CACHI,"11,7",
14/02/2026,BENEDETTO MARCELLO,PLATANI,7,
14/02/2026,BENEDETTO MARCELLO,RAVANELLI,2,
14/02/2026,BENEDETTO MARCELLO,MELONE,1,
14/02/2026,BENEDETTO MARCELLO,ZENZERO,"4,2",
14/02/2026,BENEDETTO MARCELLO,PATATE,"2,4",
14/02/2026,BENEDETTO MARCELLO,PUNTARELLE,"7,8",
14/02/2026,BENEDETTO MARCELLO,FRAGOLE,"1,1",
14/02/2026,BENEDETTO MARCELLO,ZUCCHINE AMARE,"2,8",
11/02/2026,MARTINI,MANDARINI,15,
11/02/2026,MARTINI,POMPELMI,"4,5",
11/02/2026,MARTINI,POMODORI,"3,5",
11/02/2026,MARTINI,CIPOLLE ROSSE,12,
11/02/2026,MARTINI,CAVOLFIORE,16,
11/02/2026,MARTINI,CAVOLO ROMANO,5,
11/02/2026,MARTINI,CIME,"2,7",
11/02/2026,MARTINI,BASILICO,1,
11/02/2026,MARTINI,PRUGNE,"2,5",
11/02/2026,MARTINI,RAPE,6,
13/02/2026,TERMOPILI,BANANE,"22,4",
13/02/2026,TERMOPILI,SPINACI,"3,8",
13/02/2026,TERMOPILI,MANDARINI,"76,7",
13/02/2026,TERMOPILI,POMODORI,70,
13/02/2026,TERMOPILI,BROCCOLI,"146,5",
13/02/2026,TERMOPILI,MELOGRANI,"2,5",
13/02/2026,TERMOPILI,PATATE,10,
13/02/2026,TERMOPILI,RAPE,"2,6",
13/02/2026,TERMOPILI,MISTO FRUTTA,50,
13/02/2026,TERMOPILI,FRAGOLE,"13,8",
13/02/2026,TERMOPILI,CATALOGNA,"3,2",
13/02/2026,TERMOPILI,PEPERONI,"5,6",
13/02/2026,TERMOPILI,AVOCADO,24,
13/02/2026,TERMOPILI,RADICCHIO,1,
13/02/2026,TERMOPILI,ZUCCHINE,"6,2",
13/02/2026,TERMOPILI,FAGIOLINI,"4,2",
13/02/2026,TERMOPILI,MISTO,"2,2",
13/02/2026,TERMOPILI,CACHI,"3,8",
13/02/2026,TERMOPILI,ARANCE,"5,8",
17/02/2026,PADERNO DUGNANO,CAVOLO NERO,3,
17/02/2026,PADERNO DUGNANO,POMDORI,6,
17/02/2026,PADERNO DUGNANO,ARANCE,15,
17/02/2026,PADERNO DUGNANO,COSTE,3,
17/02/2026,PADERNO DUGNANO,PERE,"5,5",
17/02/2026,PADERNO DUGNANO,ARQNCE,6,
17/02/2026,PADERNO DUGNANO,POMODORI,1,
17/02/2026,PADERNO DUGNANO,BANANE,"0,6",
17/02/2026,PADERNO DUGNANO,BROCCOLO,2,
17/02/2026,PADERNO DUGNANO,MELA,5,
17/02/2026,PADERNO DUGNANO,CACHI,21,
17/02/2026,PADERNO DUGNANO,PATATE DOLCI,"0,9",
17/02/2026,MOMPIANI,KIWI,"7,5",
17/02/2026,MOMPIANI,POMODORI,"7,5",
17/02/2026,MOMPIANI,ARANCE,15,
17/02/2026,MOMPIANI,CIME DI RAPA,15,
17/02/2026,MOMPIANI,BANANE,4,
17/02/2026,MOMPIANI,PERE,4,
17/02/2026,MOMPIANI,ZUCCHINE,12,
17/02/2026,MOMPIANI,CACHI,4,
17/02/2026,MOMPIANI,BROCCOLI,3,
18/02/2026,MARTINI,MELANZANE,"8,3",
18/02/2026,MARTINI,CACHI,5,
18/02/2026,MARTINI,POMODORI,35,
18/02/2026,MARTINI,BANANE,30,
18/02/2026,MARTINI,CAVOLFIORE,15,
18/02/2026,MARTINI,LATTUGA,3,
18/02/2026,MARTINI,MANDARINI,22,
18/02/2026,MARTINI,FINOCCHI,1,
18/02/2026,MARTINI,AVOCADO,15,
20/02/2026,CATONE,PANE,8,
20/02/2026,CATONE,CAVOLFIORI,4,
20/02/2026,CATONE,POMODORI,6,
20/02/2026,CATONE,BANANE,33,
20/02/2026,CATONE,INSALATA,1,
20/02/2026,CATONE,CIME DI RAPA,2,
20/02/2026,CATONE,PERE,30,
21/02/2026,OGLIO,POMODORI,5,
21/02/2026,OGLIO,PEPERONI,"0,4",
21/02/2026,OGLIO,CAROTE,"1,5",
21/02/2026,OGLIO,ZUCCHINE,"0,2",
21/02/2026,OGLIO,ERBETTE,2,
21/02/2026,OGLIO,PERE,"3,5",
21/02/2026,OGLIO,FIORI DI ZUCCA,"0,3",
21/02/2025,OSOPPO,VERZA,"3,7",
21/02/2025,OSOPPO,CIME DI RAPA,12,
21/02/2025,OSOPPO,RAPE,1,
21/02/2025,OSOPPO,SEDANO,"0,5",
21/02/2025,OSOPPO,MELANZANE,"3,3",
21/02/2025,OSOPPO,PATATE,"0,7",
21/02/2025,OSOPPO,PERE,"0,9",
21/02/2025,OSOPPO,BANANE,"9,7",
21/02/2025,OSOPPO,PUNTARE LE,"2,1",
21/02/2025,OSOPPO,MELONE,"7,4",
21/02/2026,PAPINIANO,CATALOGNA,2,
21/02/2026,PAPINIANO,CAVOLO ROMANESCO,220,
21/02/2026,PAPINIANO,MELANZANE,"5,4",
21/02/2026,PAPINIANO,ZUCCHINE,1,
21/02/2026,PAPINIANO,PEPERONI,"4,5",
21/02/2026,PAPINIANO,BANANE,1,
21/02/2026,PAPINIANO,CAROTE,"14,2",
21/02/2026,PAPINIANO,ZUCCA,"0,8",
21/02/2026,PAPINIANO,ZENZERO,"4,7",
21/02/2026,PAPINIANO,BROCCOLI,"4,5",
21/02/2026,PAPINIANO,CARCIOFI,"9,6",
21/02/2026,PAPINIANO,RAVANELLI,2,
21/02/2026,PAPINIANO,BARBABIETOLA,"0,3",
21/02/2026,PAPINIANO,PATATA DOLCE,"0,6",
21/02/2026,PAPINIANO,CIME DI RAPA,5,
21/02/2026,PAPINIANO,CACHI,"3,8",
21/02/2026,PAPINIANO,BISCOBARRETTE,"13,8",
21/02/2026,PAPINIANO,PLATANI,"10,8",
21/02/2026,TABACCHI,COSTE,"4,4",
21/02/2026,TABACCHI,CARCIOFI,"2,2",
21/02/2026,TABACCHI,BANANE,"2,01",
21/02/2026,TABACCHI,PORRO,"0,3",
21/02/2026,TABACCHI,FAGIOLINI,"3,5",
21/02/2026,TABACCHI,MELANZANE,"4,1",
21/02/2026,TABACCHI,SONGINO,"1,5",
21/02/2026,TABACCHI,MAIS,2,
21/02/2026,TABACCHI,ASPARAGI,"0,4",
21/02/2026,TABACCHI,UVA,1,
21/02/2026,TABACCHI,CAROTE,"0,8",
21/02/2026,TABACCHI,PERE,"11,8",
21/02/2026,TABACCHI,PUNTARELLE,"3,6",
21/02/2026,TABACCHI,POMODORINI,"3,3",
21/02/2026,TABACCHI,ZUCCHINE,"8,8",
21/02/2026,TABACCHI,POMODORI,"7,2",
21/02/2026,TABACCHI,BIETE,"2,5",
21/02/2026,TABACCHI,SPINACI,5,
21/02/2026,TABACCHI,CAVOLETTI DI BRUXELLES,"1,5",
21/02/2026,TABACCHI,MELE,"0,5",
21/02/2026,TABACCHI,MELAGRANA,"0,5",
21/02/2026,TABACCHI,BROCCOLO ROMANESCO,"0,5",
21/02/2026,TABACCHI,CAVOLO,"0,1",
21/02/2026,TABACCHI,ARANCE,"0,7",
21/02/2026,TABACCHI,CIPOLLA,"0,3",
21/02/2026,TABACCHI,PEPERONI,"2,7",
21/02/2026,TABACCHI,RAVANELLI,"0,4",
21/02/2026,TABACCHI,INSALATA,"2,3",
21/02/2026,TABACCHI,KIWI,"0,3",
21/02/2026,TABACCHI,MANDARINI,"1,1",
21/02/2026,BENEDETTO MARCELLO,ZUCCHINE,"4,1",
21/02/2026,BENEDETTO MARCELLO,PEPERONI,"9,1",
21/02/2026,BENEDETTO MARCELLO,MANDARINI,"3,2",
21/02/2026,BENEDETTO MARCELLO,BANANE,"19,5",
21/02/2026,BENEDETTO MARCELLO,AVOCADO,"9,2",
21/02/2026,BENEDETTO MARCELLO,PERE,"6,8",
21/02/2026,BENEDETTO MARCELLO,CIME DI RAPA,"42,1",
21/02/2026,BENEDETTO MARCELLO,SPINACI,8,
21/02/2026,BENEDETTO MARCELLO,KIWI,"8,3",
21/02/2026,BENEDETTO MARCELLO,CETRIOLI,"10,1",
21/02/2026,BENEDETTO MARCELLO,COSTE,"7,1",
21/02/2026,BENEDETTO MARCELLO,MELANZANE,5,
21/02/2026,BENEDETTO MARCELLO,MELE,"6,2",
21/02/2026,BENEDETTO MARCELLO,RAPANELLI,"5,9",
21/02/2026,BENEDETTO MARCELLO,CAVOLFIORI,"20,9",
21/02/2026,BENEDETTO MARCELLO,RUCOLA,"1,3",
21/02/2026,BENEDETTO MARCELLO,CACHI,"6,7",
21/02/2026,BENEDETTO MARCELLO,PIATTONI,"3,1",
21/02/2026,BENEDETTO MARCELLO,DAIKON,"4,2",
21/02/2026,BENEDETTO MARCELLO,CAROTE,"11,1",
21/02/2026,BENEDETTO MARCELLO,POMODORI,10,
21/02/2026,BENEDETTO MARCELLO,CIPOLLE,"5,5",
21/02/2026,BENEDETTO MARCELLO,CACTUS,"2,9",
21/02/2026,BENEDETTO MARCELLO,ZUCCA,"4,3",
21/02/2026,BENEDETTO MARCELLO,INSALATA,"3,1",
21/02/2026,BENEDETTO MARCELLO,ERBETTE,"5,4",
21/02/2025,VALVASSORI PERONI,PIATTONI,56,
21/02/2025,VALVASSORI PERONI,FINOCCHI,"4,4",
21/02/2025,VALVASSORI PERONI,POMODORI,"4,2",
21/02/2025,VALVASSORI PERONI,COSTE,"0,5",
21/02/2025,VALVASSORI PERONI,ZUCCHINE,4,
21/02/2025,VALVASSORI PERONI,MELANZANE,"0,7",
21/02/2025,VALVASSORI PERONI,CATALOGNA,"6,3",
21/02/2025,VALVASSORI PERONI,AVOCADO,6,
21/02/2025,VALVASSORI PERONI,PEPERONI,"2,4",
21/02/2025,VALVASSORI PERONI,RADICCHIO,"0,8",
21/02/2025,VALVASSORI PERONI,CAVOLO NERO,"0,4",
21/02/2025,VALVASSORI PERONI,CAVOLFIORE,"0,6",
21/02/2025,VALVASSORI PERONI,ARANCIA,"2,4",
21/02/2025,VALVASSORI PERONI,CAROTE,"0,5",
21/02/2025,VALVASSORI PERONI,BANANE,20,
21/02/2025,VALVASSORI PERONI,ZENZERO,"0,5",
21/02/2025,VALVASSORI PERONI,PRUGNE,"1,3",
21/02/2025,VALVASSORI PERONI,MELE,"1,8",
21/02/2025,VALVASSORI PERONI,PAPAYA,"0,5",
21/02/2025,VALVASSORI PERONI,POMODORINI,"0,5",
21/02/2025,VALVASSORI PERONI,CIME,"3,5",
21/02/2025,VALVASSORI PERONI,LATTUGA,"0,7",
21/02/2025,VALVASSORI PERONI,OKRA,"2,3",
21/02/2025,VALVASSORI PERONI,PUNTARELLE,"0,3",
24/02/2026,PADERNO DUGNANO,BROCCOLI,"1,1",
24/02/2026,PADERNO DUGNANO,CAVOLFIORI,"1,9",
24/02/2026,PADERNO DUGNANO,RAPE,"0,48",
24/02/2026,PADERNO DUGNANO,POMODORI,"3,4",
24/02/2026,PADERNO DUGNANO,PERE,"5,47",
24/02/2026,PADERNO DUGNANO,MELE,"0,4",
24/02/2026,PADERNO DUGNANO,ZUCCHINE,1,
24/02/2026,PADERNO DUGNANO,CACHI,5,
24/02/2026,PADERNO DUGNANO,CIPOLLE AL FORNO,"2,5",
24/02/2026,PADERNO DUGNANO,ROMANESCHI,"4,5",
24/02/2026,MOMPIANI,INSALATA,"7,6",
24/02/2026,MOMPIANI,BROCCOLI,"4,4",
24/02/2026,MOMPIANI,CAVOLFIORE,"13,1",
24/02/2026,MOMPIANI,CACHO,"3,6",
24/02/2026,MOMPIANI,CAVOLO ROMANO,"5,4",
24/02/2026,MOMPIANI,POMODORI,"7,3",
24/02/2026,MOMPIANI,MELANZANE,"4,4",
25/02/2026,MARTINI,POMODORI,6,
25/02/2026,MARTINI,RAPE,"4,2",
25/02/2026,MARTINI,ARANCE,8,
25/02/2026,MARTINI,MELE,3,
25/02/2026,MARTINI,CARCIOFI,6,
25/02/2026,MARTINI,BANANE,12,
25/02/2026,MARTINI,CIPOLLE,4,
25/02/2026,MARTINI,MENTA,1,
25/02/2026,MARTINI,RUCOLA,2,
25/02/2026,MARTINI,CATALOGNA,5,
27/02/2026,TERMOPILI,CAVOLFIORI,"12,6",
27/02/2026,TERMOPILI,SCATOLETTE DI FAGIOLI,2,
27/02/2026,TERMOPILI,PERE,"2,6",
27/02/2026,TERMOPILI,BROCCOLI,"19,4",
27/02/2026,TERMOPILI,PEPERONI,4,
27/02/2026,TERMOPILI,MANDARINI,"3,2",
27/02/2026,TERMOPILI,CIME DI RAPA,"72,8",
27/02/2026,TERMOPILI,INSALATA,"3,6",
27/02/2026,TERMOPILI,BANANE,"3,4",
27/02/2026,TERMOPILI,CACHI,"3,6",
27/02/2026,TERMOPILI,POMODORI,"8,4",
27/02/2026,TERMOPILI,ZUCCHINE,"3,2",
27/02/2026,TERMOPILI,BROCCOLI ROMANI,"15,6",
27/02/2026,TERMOPILI,MISTO,9,
27/02/2026,TERMOPILI,RAPE ROSSE COTTE,"6,2",
27/02/2026,TERMOPILI,FAGIOLINI,"1,2",
27/02/2026,TERMOPILI,RAPE BIANCHE,"8,4",
27/02/2026,TERMOPILI,SPINACI,"11,8",
27/02/2026,CATONE,CAROTE,"3,3",
27/02/2026,CATONE,CAVOLFIORI,31,
27/02/2026,CATONE,PANE,"16,4",
27/02/2026,CATONE,FAGIOLINI,8,
27/02/2026,CATONE,RAPE ROSSE,"22,4",
27/02/2026,CATONE,UVA,"2,6",
27/02/2026,CATONE,PEPERONI,"1,5",
27/02/2026,CATONE,FINOCCHI,"8,2",
27/02/2026,CATONE,MELAGRANE,8,
27/02/2026,CATONE,PATATA DOLCI,"12,4",
28/02/2026,OGLIO,MELANZANE,"2,5",
28/02/2026,OGLIO,MELE,8,
28/02/2026,OGLIO,CIPOLLE,"0,3",
28/02/2026,OGLIO,BROCCOLI,"2,4",
28/02/2026,OGLIO,FINOCCHI,"4,1",
28/02/2026,OGLIO,FAGIOLINI,"0,8",
28/02/2026,OGLIO,ZUCCHINE,"0,9",
28/02/2026,OGLIO,LIMONI,"2,3",
28/02/2026,OGLIO,TACCOLE,"1,5",
28/02/2026,OGLIO,CACHI,4,
28/02/2026,OGLIO,CIME DI RAPA,"1,2",
28/02/2026,OGLIO,RAPANELLI,"1,7",
28/02/2026,TABACCHI,BROCCOLI,10,
28/02/2026,TABACCHI,CATALONIA,"0,4",
28/02/2026,TABACCHI,MANDARINI,"4,7",
28/02/2026,TABACCHI,SPINACI,"4,3",
28/02/2026,TABACCHI,RUCOLA,"0,5",
28/02/2026,TABACCHI,MELE,"2,8",
28/02/2026,TABACCHI,CAROTE,"1,2",
28/02/2026,TABACCHI,POMODORI,"3,1",
28/02/2026,TABACCHI,CETRIOLI,"0,5",
28/02/2026,TABACCHI,CARCIOFI,4,
28/02/2026,TABACCHI,PEPERONI,"3,3",
28/02/2026,TABACCHI,ZUCCHINE,"2,3",
28/02/2026,TABACCHI,MELANZANA,"2,7",
28/02/2026,TABACCHI,LIMONI,1,
28/02/2026,TABACCHI,PERE,"2,5",
28/02/2026,TABACCHI,PREPARATO DI MINESTRONE,"0,5",
28/02/2026,TABACCHI,INSALATA,"6,2",
28/02/2026,TABACCHI,ARANCE,"5,2",
28/02/2026,TABACCHI,CIPOLLE,2,
28/02/2026,TABACCHI,UVA,1,
28/02/2026,TABACCHI,CIME DI RAPA,"3,4",
28/02/2026,TABACCHI,PLATANI,"0,25",
28/02/2026,TABACCHI,DOLCI,4,
28/02/2026,TABACCHI,PASTA FRESCA,"0,2",
28/02/2026,TABACCHI,PANE,7,
28/02/2026,TABACCHI,CRACKERS,"1,7",
28/02/2026,TABACCHI,RAPANELLI,"1,2",
28/02/2026,TABACCHI,AGLIO,"0,2",
28/02/2026,TABACCHI,CAVOLFIORE,1,
28/02/2026,TABACCHI,CAVOLO NERO,"1,4",
28/02/2026,TABACCHI,PUNTARELLE,"2,9",
28/02/2026,TABACCHI,CILIEGIE,"0,9",
28/02/2026,TABACCHI,TOPINAMBUR,"1,7",
28/02/2026,TABACCHI,CAVOLO CAPPUCCIO,"0,4",
28/02/2026,PAPINIANO,INSALATA,32,
28/02/2026,PAPINIANO,ERBETTE,"2,1",
28/02/2026,PAPINIANO,MAIONESE,20,
28/02/2026,PAPINIANO,CAROTE,"4,5",
28/02/2026,PAPINIANO,CIME DI RAPA,"10,2",
28/02/2026,PAPINIANO,MANGO,1,
28/02/2026,PAPINIANO,MANDARINI,"8,7",
28/02/2026,PAPINIANO,CAVOLFIORI,9,
28/02/2026,PAPINIANO,MELANZANE,1,
28/02/2026,PAPINIANO,POMODORI,"5,3",
28/02/2026,PAPINIANO,BARBABIETOLA,"1,6",
28/02/2026,PAPINIANO,RADICCHIO,"1,4",
28/02/2026,PAPINIANO,COME DI RAPA,"3,3",
28/02/2026,PAPINIANO,FINOCCHI,"1,6",
28/02/2026,PAPINIANO,RAVANELLI,"0,7",
28/02/2026,PAPINIANO,CETRIOLI,"6,7",
28/02/2026,PAPINIANO,FAGIOLINI,"1,7",
28/02/2026,PAPINIANO,FRAGOLE,"7,4",
28/02/2026,PAPINIANO,PEPERONI,2,
28/02/2026,PAPINIANO,ZUCCHINE,"2,6",
28/02/2026,BENEDETTO MARCELLO,BANANE,49,
28/02/2026,BENEDETTO MARCELLO,CACHI,"42,5",
28/02/2026,BENEDETTO MARCELLO,PERE,"25,9",
28/02/2026,BENEDETTO MARCELLO,ARANCE,"10,1",
28/02/2026,BENEDETTO MARCELLO,MELE,"3,5",
28/02/2026,BENEDETTO MARCELLO,FRAGOLE,2,
28/02/2026,BENEDETTO MARCELLO,MANGHI,"1,8",
28/02/2026,BENEDETTO MARCELLO,AVOCADO,"1,6",
28/02/2026,BENEDETTO MARCELLO,CAVOLFIORI,"101,1",
28/02/2026,BENEDETTO MARCELLO,CIMA DI RAPA,"67,6",
28/02/2026,BENEDETTO MARCELLO,POMODORI,"15,8",
28/02/2026,BENEDETTO MARCELLO,PATATE,"15,3",
28/02/2026,BENEDETTO MARCELLO,ZUCCHINE,"12,1",
28/02/2026,BENEDETTO MARCELLO,SPINACI,"7,5",
28/02/2026,BENEDETTO MARCELLO,INSALATA,"6,7",
28/02/2026,BENEDETTO MARCELLO,PATATE DOLCI,"4,5",
28/02/2026,BENEDETTO MARCELLO,PEPERONI,"3,8",
28/02/2026,BENEDETTO MARCELLO,FAGIOLINI,"3,8",
28/02/2026,BENEDETTO MARCELLO,MELANZANE,"3,6",
28/02/2026,BENEDETTO MARCELLO,CAROTE,"3,1",
28/02/2026,BENEDETTO MARCELLO,ZUCCHINE AMARE,"2,5",
28/02/2026,BENEDETTO MARCELLO,CIPOLLE,"2,4",
28/02/2026,BENEDETTO MARCELLO,COSTE,"2,2",
28/02/2026,BENEDETTO MARCELLO,BROCCOLI,"1,7",
28/02/2026,BENEDETTO MARCELLO,PACCOI,"1,3",
28/02/2026,BENEDETTO MARCELLO,CAVOLO ROMANESCO,1,
28/02/2026,BENEDETTO MARCELLO,ERBA,"20,2",
28/02/2026,BENEDETTO MARCELLO,MISTO,"11,7",
28/02/2026,BENEDETTO MARCELLO,PANE,"5,7",
28/02/2026,BENEDETTO MARCELLO,CORIANDOLO,"0,9",
03/03/2026,PADERNO DUGNANO,ARANCE,13,
03/03/2026,PADERNO DUGNANO,MELE,4,
03/03/2026,PADERNO DUGNANO,BROCCOLI,4,
03/03/2026,PADERNO DUGNANO,CAVOLO NERO,11,
03/03/2026,PADERNO DUGNANO,PERE,4,
03/03/2026,PADERNO DUGNANO,INSALATA,3,
03/03/2026,PADERNO DUGNANO,ROMANESCO,3,
03/03/2026,PADERNO DUGNANO,BROCCOLO ROMANESCO,"6,5",
03/03/2026,PADERNO DUGNANO,POMPDORI,14,
03/03/2026,PADERNO DUGNANO,MELANZANE,2,
03/03/2026,PADERNO DUGNANO,RAVANELLI,1,
03/03/2026,MOMPIANI,BROCCOLI,"3,8",
03/03/2026,MOMPIANI,CAVOLFIORE,"13,5",
03/03/2026,MOMPIANI,ERBA,2,
03/03/2026,MOMPIANI,POMODORI,"20,3",
03/03/2026,MOMPIANI,PEPERONI,"2,3",
03/03/2026,MOMPIANI,PATATE,"11,6",
03/03/2026,MOMPIANI,MELOGRANO,"6,5",
03/03/2026,MOMPIANI,CETRIOLI,"3,6",
03/03/2026,MOMPIANI,MELANZANE,"1,7",
03/03/2026,MOMPIANI,PERE,3,
04/03/2026,MARTINI,CETRIOLINI,30,
04/03/2026,MARTINI,CAVOLFIORI,"17,5",
04/03/2026,MARTINI,CICORINO,"1,5",
04/03/2026,MARTINI,INSALATA,7,
04/03/2026,MARTINI,POMODORO,15,
04/03/2026,MARTINI,PEPERONCINI,2,
04/03/2026,MARTINI,LIMONI,2,
04/03/2026,MARTINI,BROCCOLI,2,
04/03/2026,MARTINI,POMODORI,4,
04/03/2026,MARTINI,PERE,"5,5",
04/03/2026,MARTINI,MELANZANE,2,
04/03/2026,MARTINI,SPINACI,2,
04/03/2026,MARTINI,CORIANDOLO,1,
04/03/2026,MARTINI,FRAGOLE,7,
04/03/2026,MARTINI,MANGO,5,
04/03/2026,MARTINI,PIATTONI,"1,5",
04/03/2026,MARTINI,BANANE,"1,7",
04/03/2026,MARTINI,CAROTE,"7,5",
04/03/2026,MARTINI,UVA,8,
04/03/2026,MARTINI,MIX,1,
04/03/2026,MARTINI,FINOCCHI,5,
16/01/2026,GRAMSCI - SAN DONATO,BANANE,"3,4",
16/01/2026,GRAMSCI - SAN DONATO,CAVOLFIORI,"4,7",
16/01/2026,GRAMSCI - SAN DONATO,BROCCOLI,1,
16/01/2026,GRAMSCI - SAN DONATO,PERE,"0,8",
16/01/2026,GRAMSCI - SAN DONATO,PRUGNE,"1,4",
16/01/2026,GRAMSCI - SAN DONATO,PUNTARELLE,"1,3",
16/01/2026,GRAMSCI - SAN DONATO,CIME DI RAPA,"1,4",
16/01/2026,GRAMSCI - SAN DONATO,PEPERONI,"0,9",
16/01/2026,GRAMSCI - SAN DONATO,MELANZANE,"5,5",
16/01/2026,GRAMSCI - SAN DONATO,CAVOLFIORE,"3,6",
13/02/2026,GRAMSCI - SAN DONATO,PUNTARELLE,"4,6",
13/02/2026,GRAMSCI - SAN DONATO,CICORIA,"1,9",
13/02/2026,GRAMSCI - SAN DONATO,MANDARINI,"0,8",
13/02/2026,GRAMSCI - SAN DONATO,PANE,8,
13/02/2026,GRAMSCI - SAN DONATO,CAVOLFIORE,"4,4",
13/02/2026,GRAMSCI - SAN DONATO,PEPERONI,"0,5",
13/02/2026,GRAMSCI - SAN DONATO,ARANCE,"1,3",
06/02/2026,GRAMSCI - SAN DONATO,CIME DI RAPA,"3,7",
06/02/2026,GRAMSCI - SAN DONATO,POMODORI,"5,7",
06/02/2026,GRAMSCI - SAN DONATO,FAGIOLINI,"0,2",
06/02/2026,GRAMSCI - SAN DONATO,MELANZANA,"0,1",
06/02/2026,GRAMSCI - SAN DONATO,BROCCOLI,"0,9",
06/02/2026,GRAMSCI - SAN DONATO,CAVOLFIORI,"2,8",
06/02/2026,GRAMSCI - SAN DONATO,PANE,4,
06/02/2026,GRAMSCI - SAN DONATO,MELE,1,
27/02/2026,GRAMSCI - SAN DONATO,FRAGOLE,"1,2",
27/02/2026,GRAMSCI - SAN DONATO,POMODORI,"0,5",
27/02/2026,GRAMSCI - SAN DONATO,MELANZANE,"1,5",
27/02/2026,GRAMSCI - SAN DONATO,MANDARINI,"2,4",
27/02/2026,GRAMSCI - SAN DONATO,COSTE,"2,7",
27/02/2026,GRAMSCI - SAN DONATO,CIME DI RAPA,"4,9",
27/02/2026,GRAMSCI - SAN DONATO,FAGIOLINI,"1,8",
27/02/2026,GRAMSCI - SAN DONATO,PANE,"1,9",
27/02/2026,GRAMSCI - SAN DONATO,RAPANELLI,"0,3",
27/02/2026,GRAMSCI - SAN DONATO,ZUCCHINE,"0,5",
27/02/2026,GRAMSCI - SAN DONATO,INSALATA,"1,4",
27/02/2026,GRAMSCI - SAN DONATO,BROCCOLI,"1,3",